index,2021-09,2021-06,2021-03,symbol
Chi phí lãi và các khoản chi phí tương tự,4427778000000.0,4548965000000,4646484000000.0,STB
Thu nhập lãi thuần,3313028000000.0,3148209000000,3008364000000.0,STB
Thu nhập từ hoạt động dịch vụ,1062325000000.0,1478293000000,1335613000000.0,STB
Chi phí hoạt động dịch vụ,472492000000.0,541975000000,498204000000.0,STB
Thu nhập thuần từ hoạt động dịch vụ,589833000000.0,936318000000,837409000000.0,STB
Lợi nhuận thuần từ hoạt động kinh doanh ngoại hối,150086000000.0,167745000000,207102000000.0,STB
Lợi nhuận thuần từ hoạt động kinh doanh chứng khoán,0.0,0,0.0,STB
Lãi thuần từ chứng khoán đầu tư,68621000000.0,17168000000,34354000000.0,STB
Thu nhập thuần từ hoạt động kinh doanh khác,39126000000.0,475082000000,58017000000.0,STB
Thu nhập từ hoạt động khác,148566000000.0,499444000000,84326000000.0,STB
Chi phí hoạt động khác,109440000000.0,24362000000,26309000000.0,STB
Thu nhập vốn góp mua cổ phần,37766000000.0,1591000000,93000000.0,STB
Tổng thu nhập hoạt động,4198460000000.0,4746113000000,4145339000000.0,STB
Chi phí quản lý doanh nghiệp,2423811000000.0,2336056000000,2669373000000.0,STB
Lợi nhuận thuần từ hoạt động kinh doanh trước chi phí dự phòng rủi ro tín dụng,1774649000000.0,2410057000000,1475966000000.0,STB
Chi phí dự phòng rủi ro tín dụng,949878000000.0,985809000000,475722000000.0,STB
Lợi nhuận kế toán trước thuế,824771000000.0,1424248000000,1000244000000.0,STB
Chi phí thuế TNDN,185043000000.0,311409000000,199182000000.0,STB
Chi phí thuế TNDN hiện hành,185043000000.0,311409000000,199182000000.0,STB
Chi phí thuế TNDN hoãn lại,0.0,0,0.0,STB
Lợi nhuận sau thuế thu nhập doanh nghiệp,639728000000.0,1112839000000,801062000000.0,STB
Lợi ích của cổ đông thiểu số,0.0,0,0.0,STB
Lợi nhuận sau thuế của Công ty mẹ,639728000000.0,1112839000000,801062000000.0,STB
Lãi cơ bản trên cổ phiếu,0.0,0,0.0,STB
Lãi từ các tài sản tài chính ghi nhận thông qua lãi/lỗ ( FVTPL),,594579551041,600137348817.0,SSI
Lãi bán các tài sản tài chính PVTPL,,359730539639,394761347562.0,SSI
Chênh lệch tăng đánh giá lại các TSTC thông qua lãi/lỗ,,99985986972,82928105562.0,SSI
"Cổ tức, tiền lãi phát sinh từ tài sản tài chính PVTPL",,134863024430,122447895693.0,SSI
Lãi từ các khoản đầu tư nắm giữ đến ngày đáo hạn,,157539454479,171499122085.0,SSI
Lãi từ các khoản cho vay và phải thu ,,337960307642,245579949872.0,SSI
Lãi từ chứng khoán Nợ đầu tư sẵn sàng để bán,,0,0.0,SSI
Lãi từ các công cụ phát sinh phòng ngừa rủi ro ,,0,0.0,SSI
Doanh thu môi giới chứng khoán cho người đầu tư,,623266154850,436543995623.0,SSI
"Doanh thu hoạt động đầu tư chứng khoán, góp vốn",,0,0.0,SSI
Doanh thu bảo lãnh phát hành chứng khoán,,15101818182,0.0,SSI
Doanh thu đại lý phát hành chứng khoán,,-12141818182,12141818182.0,SSI
Doanh thu tư vấn đầu tư chứng khoán cho người đầu tư,,3919997093,2232916330.0,SSI
Doanh thu lưu ký chứng khoán cho người đầu tư,,8186662523,8842147383.0,SSI
Doanh thu hoạt động ủy thác đấu giá,,0,0.0,SSI
"Doanh thu cho thuê tài sản, sử dụng thiết bị, sử dụng thông tin",,0,0.0,SSI
Thu từ dịch vụ tư vấn,,6544142618,952900000.0,SSI
Doanh thu khác,,31233645471,27649483773.0,SSI
Các khoản giảm trừ doanh thu,,0,0.0,SSI
Doanh thu thuần,,1766189915717,1505579682065.0,SSI
Chi phí hoạt động kinh doanh chứng khoán  ,,745571495689,695599943723.0,SSI
Lỗ các tài sản tài chính ghi nhận thông qua lãi lỗ (FVTPL),,305529006243,384150251911.0,SSI
Lỗ bán các tài sản tài chính,,217499296206,288271127187.0,SSI
Chênh lệch giảm đánh giá lại các TSTC thông qua lãi/lỗ,,86889482087,94405745070.0,SSI
Chi phí giao dịch mua các tài sản tài chính FVTPL,,1140227950,1473379654.0,SSI
Lỗ các khoản đầu tư nắm giữ đến ngày đáo hạn (HTM),,0,0.0,SSI
"Chi phí lãi vay, lỗ từ các khoản cho vay và phải thu",,0,0.0,SSI
Lỗ bán các tài sản tài chính sẵn sàng để bán (AFS),,0,929243500.0,SSI
"Cphí dự phòng TSTC, xử lý tổn thất các khoản phải thu khó đòi là lỗ suy giảm TSTC và CP đi vay",,479031587,-9989360387.0,SSI
Lỗ từ các tài sản tài chính phái sinh phòng ngừa rủi ro,,0,0.0,SSI
Chi phí hoạt động tự doanh,,7598870464,6630356600.0,SSI
Chi phí môi giới chứng khoán,,369791692573,257259409976.0,SSI
"Chi phí hoạt động bảo lãnh, đại lý phát hành chứng khoán",,2080356891,9346150795.0,SSI
Chi phí tư vấn đầu tư chứng khoán,,5541798579,4699586029.0,SSI
"Chí phí hoạt động đấu giá, ủy thác",,0,0.0,SSI
Chi phí lưu ký chứng khoán,,9715822994,9411452600.0,SSI
Chi phí hoạt động tư vấn tài chính,,7624521017,1613561449.0,SSI
Chi phí khác của HĐKD,,37210395341,31549291250.0,SSI
"Trong đó: Chi phí sửa lỗi giao dịch chứng khoán, lỗi khác",,0,0.0,SSI
Lợi nhuận gộp,,1020618420028,809979738342.0,SSI
Doanh thu hoạt động tài chính,,19293981037,11974837543.0,SSI
Chênh lệch lãi tỷ giá hối đoái đã và chưa thực hiện,,5142498731,3016266176.0,SSI
"Doanh thu, dự thu cổ tức, lãi tiền gửi không cố định phát sinh trong kỳ",,4435137974,4404041045.0,SSI
"Lãi bán, thanh lý các khoản đầu tư vào công ty con, liên kết, liên doanh",,0,0.0,SSI
Doanh thu khác về đầu tư,,9716344332,4554530322.0,SSI
Chi phí tài chính,,240317220815,242936528992.0,SSI
Chênh lệch lỗ tỷ giá hối đoái đã và chưa thực hiện,,3218311377,13823379973.0,SSI
Chi phí lãi vay,,229591683137,222007328495.0,SSI
"Lỗ bán, thanh lý các khoản đầu tư vào công ty con, liên kết, liên doanh",,0,0.0,SSI
Chi phí dự phòng suy giảm giá trị các khoản đầu tư tài chính dài hạn,,0,0.0,SSI
Chi phí đầu tư khác,,7507226301,7105820524.0,SSI
Lợi nhuận hoặc lỗ trong công ty liên kết,,0,0.0,SSI
Chi phí bán hàng,,0,0.0,SSI
Chi phí quản lý doanh nghiệp,,67089627260,49827368285.0,SSI
Lợi nhuận thuần từ hoạt động kinh doanh,,732505552990,529190678608.0,SSI
Thu nhập khác,,972927581,877126421.0,SSI
Chi phí khác,,498731,570.0,SSI
Lợi nhuận khác,,972428850,877125851.0,SSI
Lợi nhuận hoặc lỗ trong công ty liên kết (trước 2015),,0,0.0,SSI
Lợi nhuận trước thuế đã thực hiện,,717447582666,570904331385.0,SSI
Lợi nhuận trước thuế chưa thực hiện,,16030399174,-40836526926.0,SSI
Chi phí thuế TNDN,,142670470138,106329041095.0,SSI
Chi phí thuế TNDN hiện hành,,156946200028,107999511414.0,SSI
Chi phí thuế TNDN hoãn lại,,-14275729890,-1670470319.0,SSI
Lợi nhuận sau thuế thu nhập doanh nghiệp,,590807511702,423738763364.0,SSI
Lợi ích của cổ đông thiểu số,,-361820586,-387860528.0,SSI
"LNST trích các Quỹ dự trữ điều lệ, Dự phòng TC và rủi ro nghề nghiệp theo quy định cty",,0,0.0,SSI
Lợi nhuận sau thuế của Công ty mẹ,,591169332288,424126623892.0,SSI
Lãi/(Lỗ) từ đánh giá lại các các khoản đầu tư giữ đến ngày đáo hạn,,0,0.0,SSI
Lãi/(Lỗ) từ đánh giá lại các tài sản tài chính sẵn sàng để bán,,0,929243500.0,SSI
"Lãi (lỗ) toàn diện khác được chia từ hoạt động đầu tư vào công ty con, liên kết liên doanh",,0,0.0,SSI
Lãi/(Lỗ) từ đánh giá lại các công cụ tài chính phái sinh,,0,0.0,SSI
Lãi/(lỗ) chênh lệch tỷ giá của hoạt động tại nước ngoài ,,0,0.0,SSI
"Lãi, lỗ từ các khoản đầu tư vào công ty con. Công ty liên kết, liên doanh chưa chia",,0,0.0,SSI
"Lãi, lỗ đánh giá công cụ phái sinh",,0,0.0,SSI
"Lãi, lỗ đánh giá lại tài sản cố định theo mô hình giá trị hợp lý",,0,0.0,SSI
Tổng thu nhập toàn diện,,590807511702,424668006864.0,SSI
Thu nhập toàn diện phân bổ cho chủ sở hữu,,590807511702,424668006864.0,SSI
Thu nhập toàn diện phân bổ cho cổ đông không nắm quyền kiểm soát,,0,0.0,SSI
THU NHẬP THUẦN TRÊN CỔ PHIẾU PHỔ THÔNG,,0,0.0,SSI
Lãi cơ bản trên cổ phiếu,,0,0.0,SSI
Lãi suy giảm trên cổ phiếu,,0,0.0,SSI
Tổng thu nhập toàn diện khác,,0,929243500.0,SSI
Chi phí lãi và các khoản chi phí tương tự,2377788000000.0,2133645000000,2027437000000.0,TCB
Thu nhập lãi thuần,6742489000000.0,6587800000000,6123721000000.0,TCB
Thu nhập từ hoạt động dịch vụ,1921277000000.0,1915726000000,1706894000000.0,TCB
Chi phí hoạt động dịch vụ,424238000000.0,458644000000,381822000000.0,TCB
Thu nhập thuần từ hoạt động dịch vụ,1497039000000.0,1457082000000,1325072000000.0,TCB
Lợi nhuận thuần từ hoạt động kinh doanh ngoại hối,93418000000.0,100254000000,65621000000.0,TCB
Lợi nhuận thuần từ hoạt động kinh doanh chứng khoán,-15779000000.0,61654000000,134965000000.0,TCB
Lãi thuần từ chứng khoán đầu tư,306408000000.0,554701000000,611531000000.0,TCB
Thu nhập thuần từ hoạt động kinh doanh khác,155554000000.0,444451000000,671271000000.0,TCB
Thu nhập từ hoạt động khác,933055000000.0,1066834000000,1291294000000.0,TCB
Chi phí hoạt động khác,777501000000.0,622383000000,620023000000.0,TCB
Thu nhập vốn góp mua cổ phần,20000000.0,21000000,21000000.0,TCB
Tổng thu nhập hoạt động,8779149000000.0,9205963000000,8932202000000.0,TCB
Chi phí quản lý doanh nghiệp,2627889000000.0,2590526000000,2563083000000.0,TCB
Lợi nhuận thuần từ hoạt động kinh doanh trước chi phí dự phòng rủi ro tín dụng,6151260000000.0,6615437000000,6369119000000.0,TCB
Chi phí dự phòng rủi ro tín dụng,588931000000.0,597671000000,850817000000.0,TCB
Lợi nhuận kế toán trước thuế,5562329000000.0,6017766000000,5518302000000.0,TCB
Chi phí thuế TNDN,1130274000000.0,1211109000000,1042085000000.0,TCB
Chi phí thuế TNDN hiện hành,1130274000000.0,1211109000000,1042085000000.0,TCB
Chi phí thuế TNDN hoãn lại,0.0,0,0.0,TCB
Lợi nhuận sau thuế thu nhập doanh nghiệp,4432055000000.0,4806657000000,4476217000000.0,TCB
Lợi ích của cổ đông thiểu số,94455000000.0,95531000000,79488000000.0,TCB
Lợi nhuận sau thuế của Công ty mẹ,4337600000000.0,4711126000000,4396729000000.0,TCB
Lãi cơ bản trên cổ phiếu,0.0,0,0.0,TCB
Chi phí lãi và các khoản chi phí tương tự,4030411000000.0,4254299000000,4218355000000.0,VPB
Thu nhập lãi thuần,7474232000000.0,9231836000000,9119891000000.0,VPB
Thu nhập từ hoạt động dịch vụ,1472398000000.0,1716381000000,1629959000000.0,VPB
Chi phí hoạt động dịch vụ,681854000000.0,631456000000,642473000000.0,VPB
Thu nhập thuần từ hoạt động dịch vụ,790544000000.0,1084925000000,987486000000.0,VPB
Lợi nhuận thuần từ hoạt động kinh doanh ngoại hối,-9619000000.0,7087000000,-43525000000.0,VPB
Lợi nhuận thuần từ hoạt động kinh doanh chứng khoán,-11009000000.0,56343000000,-49977000000.0,VPB
Lãi thuần từ chứng khoán đầu tư,727317000000.0,1390387000000,248942000000.0,VPB
Thu nhập thuần từ hoạt động kinh doanh khác,1158668000000.0,276368000000,788659000000.0,VPB
Thu nhập từ hoạt động khác,1825218000000.0,1208092000000,1318510000000.0,VPB
Chi phí hoạt động khác,666550000000.0,931724000000,529851000000.0,VPB
Thu nhập vốn góp mua cổ phần,2476000000.0,0,0.0,VPB
Tổng thu nhập hoạt động,10132609000000.0,12046946000000,11051476000000.0,VPB
Chi phí quản lý doanh nghiệp,2455568000000.0,2816551000000,2592035000000.0,VPB
Lợi nhuận thuần từ hoạt động kinh doanh trước chi phí dự phòng rủi ro tín dụng,7677041000000.0,9230395000000,8459441000000.0,VPB
Chi phí dự phòng rủi ro tín dụng,4978670000000.0,4199237000000,4453265000000.0,VPB
Lợi nhuận kế toán trước thuế,2698371000000.0,5031158000000,4006176000000.0,VPB
Chi phí thuế TNDN,537551000000.0,1014795000000,804366000000.0,VPB
Chi phí thuế TNDN hiện hành,537551000000.0,1014795000000,804366000000.0,VPB
Chi phí thuế TNDN hoãn lại,0.0,0,0.0,VPB
Lợi nhuận sau thuế thu nhập doanh nghiệp,2160820000000.0,4016363000000,3201810000000.0,VPB
Lợi ích của cổ đông thiểu số,0.0,0,0.0,VPB
Lợi nhuận sau thuế của Công ty mẹ,2160820000000.0,4016363000000,3201810000000.0,VPB
Lãi cơ bản trên cổ phiếu,0.0,1636,1304.0,VPB
Các khoản giảm trừ doanh thu,244621297616.0,321417002616,282137468282.0,HPG
Doanh thu thuần,38673828690685.0,35118355099565,31176874687620.0,HPG
Giá vốn hàng bán,26812929844272.0,23641296035968,22993832748581.0,HPG
Lợi nhuận gộp,11860898846413.0,11477059063597,8183041939039.0,HPG
Doanh thu hoạt động tài chính,879414139300.0,446309785935,898307295649.0,HPG
Chi phí tài chính,968278197988.0,821220734774,767768026036.0,HPG
Trong đó: Chi phí lãi vay,675107905208.0,599661392906,621546963567.0,HPG
Lợi nhuận hoặc lỗ trong công ty liên kết,7748388045.0,6426058619,-9691518945.0,HPG
Chi phí bán hàng,582851131543.0,411553847487,414275498764.0,HPG
Chi phí quản lý doanh nghiệp,235856196047.0,373276114859,206277440053.0,HPG
Lợi nhuận thuần từ hoạt động kinh doanh,10961075848180.0,10323744211031,7683336750890.0,HPG
Thu nhập khác,216201021708.0,190546702744,159049266440.0,HPG
Chi phí khác,198520800191.0,164838725649,152172822839.0,HPG
Lợi nhuận khác,17680221517.0,25707977095,6876443601.0,HPG
Lợi nhuận hoặc lỗ trong công ty liên kết (trước 2015),0.0,0,0.0,HPG
Chi phí thuế TNDN,627911872513.0,604300765939,684654148523.0,HPG
Chi phí thuế TNDN hiện hành,722192722593.0,787307055464,805753712197.0,HPG
Chi phí thuế TNDN hoãn lại,-94280850080.0,-183006289525,-121099563674.0,HPG
Lợi nhuận sau thuế thu nhập doanh nghiệp,10350844197184.0,9745151422187,7005559045968.0,HPG
Lợi ích của cổ đông thiểu số,-894882131.0,23744897179,28004702816.0,HPG
Lợi nhuận sau thuế của Công ty mẹ,10351739079315.0,9721406525008,6977554343152.0,HPG
Lãi cơ bản trên cổ phiếu,0.0,0,0.0,HPG
Lãi suy giảm trên cổ phiếu,0.0,0,0.0,HPG
Chi phí lãi và các khoản chi phí tương tự,3073514000000.0,3072780000000,3061051000000.0,MBB
Thu nhập lãi thuần,6515194000000.0,6562536000000,5952036000000.0,MBB
Thu nhập từ hoạt động dịch vụ,2638414000000.0,3282045000000,2568758000000.0,MBB
Chi phí hoạt động dịch vụ,1712025000000.0,2252456000000,1502792000000.0,MBB
Thu nhập thuần từ hoạt động dịch vụ,926389000000.0,1029589000000,1065966000000.0,MBB
Lợi nhuận thuần từ hoạt động kinh doanh ngoại hối,356486000000.0,321897000000,236534000000.0,MBB
Lợi nhuận thuần từ hoạt động kinh doanh chứng khoán,143062000000.0,19607000000,0.0,MBB
Lãi thuần từ chứng khoán đầu tư,264827000000.0,309425000000,690537000000.0,MBB
Thu nhập thuần từ hoạt động kinh doanh khác,486373000000.0,643022000000,1216935000000.0,MBB
Thu nhập từ hoạt động khác,486373000000.0,1152594000000,1216935000000.0,MBB
Chi phí hoạt động khác,0.0,509572000000,0.0,MBB
Thu nhập vốn góp mua cổ phần,7846000000.0,38526000000,30856000000.0,MBB
Tổng thu nhập hoạt động,8700177000000.0,8924602000000,9192864000000.0,MBB
Chi phí quản lý doanh nghiệp,3023716000000.0,3086784000000,2803949000000.0,MBB
Lợi nhuận thuần từ hoạt động kinh doanh trước chi phí dự phòng rủi ro tín dụng,5676461000000.0,5837818000000,6388915000000.0,MBB
Chi phí dự phòng rủi ro tín dụng,1778158000000.0,2431410000000,1809057000000.0,MBB
Chi phí thuế TNDN,776090000000.0,675911000000,913526000000.0,MBB
Chi phí thuế TNDN hiện hành,763340000000.0,689678000000,915498000000.0,MBB
Chi phí thuế TNDN hoãn lại,12750000000.0,-13767000000,-1972000000.0,MBB
Lợi nhuận sau thuế thu nhập doanh nghiệp,3122213000000.0,2730497000000,3666332000000.0,MBB
Lợi ích của cổ đông thiểu số,100037000000.0,134471000000,113523000000.0,MBB
Lợi nhuận sau thuế của Công ty mẹ,3022176000000.0,2596026000000,3552809000000.0,MBB
Lãi cơ bản trên cổ phiếu,0.0,0,0.0,MBB
Các khoản giảm trừ doanh thu,0.0,0,0.0,POW
Doanh thu thuần,5342484577946.0,7963484313846,7661011132024.0,POW
Giá vốn hàng bán,4499699904302.0,6813046682758,6785177211885.0,POW
Lợi nhuận gộp,842784673644.0,1150437631088,875833920139.0,POW
Doanh thu hoạt động tài chính,119378557822.0,373851852317,96994991595.0,POW
Chi phí tài chính,136971129567.0,209958505689,158190004678.0,POW
Trong đó: Chi phí lãi vay,130735607538.0,133893599523,135245537879.0,POW
Lợi nhuận hoặc lỗ trong công ty liên kết,7080138972.0,1543044557,0.0,POW
Chi phí bán hàng,0.0,0,9426420660.0,POW
Chi phí quản lý doanh nghiệp,154315415759.0,239176031070,132487094260.0,POW
Lợi nhuận thuần từ hoạt động kinh doanh,677956825112.0,1076697991203,672725392136.0,POW
Thu nhập khác,2205466058.0,7978091145,5536697263.0,POW
Chi phí khác,1266829109.0,133006460621,977849333.0,POW
Lợi nhuận khác,938636949.0,-125028369476,4558847930.0,POW
Lợi nhuận hoặc lỗ trong công ty liên kết (trước 2015),0.0,0,0.0,POW
Lợi nhuận kế toán trước thuế,678895462061.0,951669621727,677284240066.0,POW
Chi phí thuế TNDN,75572636059.0,87853483527,110939137897.0,POW
Chi phí thuế TNDN hiện hành,75572636059.0,56046080546,110939137897.0,POW
Chi phí thuế TNDN hoãn lại,0.0,31807402981,0.0,POW
Lợi nhuận sau thuế thu nhập doanh nghiệp,603322826002.0,863816138200,566345102169.0,POW
Lợi ích của cổ đông thiểu số,120013707346.0,13874333941,58048713573.0,POW
Lợi nhuận sau thuế của Công ty mẹ,483309118656.0,849941804259,508296388596.0,POW
Lãi cơ bản trên cổ phiếu,206.0,363,217.0,POW
Lãi suy giảm trên cổ phiếu,0.0,0,0.0,POW
Chi phí lãi và các khoản chi phí tương tự,10807580000000.0,10441461000000,,CTG
Thu nhập lãi thuần,9871806000000.0,10878584000000,,CTG
Thu nhập từ hoạt động dịch vụ,2180213000000.0,2448201000000,,CTG
Chi phí hoạt động dịch vụ,1025810000000.0,1091380000000,,CTG
Thu nhập thuần từ hoạt động dịch vụ,1154403000000.0,1356821000000,,CTG
Lợi nhuận thuần từ hoạt động kinh doanh ngoại hối,498694000000.0,516014000000,,CTG
Lợi nhuận thuần từ hoạt động kinh doanh chứng khoán,5853000000.0,72152000000,,CTG
Lãi thuần từ chứng khoán đầu tư,232655000000.0,21994000000,,CTG
Thu nhập thuần từ hoạt động kinh doanh khác,364754000000.0,1134274000000,,CTG
Thu nhập từ hoạt động khác,690077000000.0,1493133000000,,CTG
Chi phí hoạt động khác,325323000000.0,358859000000,,CTG
Thu nhập vốn góp mua cổ phần,127293000000.0,103558000000,,CTG
Tổng thu nhập hoạt động,12255458000000.0,14083397000000,,CTG
Chi phí quản lý doanh nghiệp,3646918000000.0,4187076000000,,CTG
Lợi nhuận thuần từ hoạt động kinh doanh trước chi phí dự phòng rủi ro tín dụng,8608540000000.0,9896321000000,,CTG
Chi phí dự phòng rủi ro tín dụng,5547913000000.0,7106255000000,,CTG
Lợi nhuận kế toán trước thuế,3060627000000.0,2790066000000,,CTG
Chi phí thuế TNDN,594990000000.0,493609000000,,CTG
Chi phí thuế TNDN hiện hành,594990000000.0,538687000000,,CTG
Chi phí thuế TNDN hoãn lại,0.0,-45078000000,,CTG
Lợi nhuận sau thuế thu nhập doanh nghiệp,2465637000000.0,2296457000000,,CTG
Lợi ích của cổ đông thiểu số,5865000000.0,46262000000,,CTG
Lợi nhuận sau thuế của Công ty mẹ,2459772000000.0,2250195000000,,CTG
Lãi cơ bản trên cổ phiếu,0.0,0,,CTG
Các khoản giảm trừ doanh thu,0.0,0,925454545.0,TCH
Doanh thu thuần,362173792957.0,406541616302,620583220790.0,TCH
Giá vốn hàng bán,199927642626.0,274853125333,395334970092.0,TCH
Lợi nhuận gộp,162246150331.0,131688490969,225248250698.0,TCH
Doanh thu hoạt động tài chính,70278560474.0,68088397639,81659287135.0,TCH
Chi phí tài chính,5696193461.0,8206774674,12798638926.0,TCH
Trong đó: Chi phí lãi vay,12336081662.0,1565487981,12798494403.0,TCH
Lợi nhuận hoặc lỗ trong công ty liên kết,0.0,0,0.0,TCH
Chi phí bán hàng,17831618192.0,16320868651,18202517163.0,TCH
Chi phí quản lý doanh nghiệp,22186184267.0,15650448415,18736798702.0,TCH
Lợi nhuận thuần từ hoạt động kinh doanh,186810714885.0,159598796868,257169583042.0,TCH
Thu nhập khác,1597320181.0,4764262181,1482401548.0,TCH
Chi phí khác,282138319.0,117759195,342165802.0,TCH
Lợi nhuận khác,1315181862.0,4646502986,1140235746.0,TCH
Lợi nhuận hoặc lỗ trong công ty liên kết (trước 2015),0.0,0,0.0,TCH
Lợi nhuận kế toán trước thuế,188125896747.0,164245299854,258309818788.0,TCH
Chi phí thuế TNDN,39193320468.0,33876067176,52044956415.0,TCH
Chi phí thuế TNDN hiện hành,38855552541.0,33511252749,51722086786.0,TCH
Chi phí thuế TNDN hoãn lại,337767927.0,364814427,322869629.0,TCH
Lợi nhuận sau thuế thu nhập doanh nghiệp,148932576279.0,130369232678,206264862373.0,TCH
Lợi ích của cổ đông thiểu số,21222110393.0,43579085467,34590242372.0,TCH
Lợi nhuận sau thuế của Công ty mẹ,127710465886.0,86790147211,171674620001.0,TCH
Lãi cơ bản trên cổ phiếu,0.0,221,479.0,TCH
Lãi suy giảm trên cổ phiếu,0.0,0,464.0,TCH
Chi phí lãi và các khoản chi phí tương tự,3162384000000.0,3124886000000,2977110000000.0,HDB
Thu nhập lãi thuần,3306282000000.0,3468701000000,3362798000000.0,HDB
Thu nhập từ hoạt động dịch vụ,376740000000.0,593670000000,346529000000.0,HDB
Chi phí hoạt động dịch vụ,47826000000.0,49698000000,33108000000.0,HDB
Thu nhập thuần từ hoạt động dịch vụ,328914000000.0,543972000000,313421000000.0,HDB
Lợi nhuận thuần từ hoạt động kinh doanh ngoại hối,20574000000.0,42453000000,24324000000.0,HDB
Lợi nhuận thuần từ hoạt động kinh doanh chứng khoán,35667000000.0,54977000000,19782000000.0,HDB
Lãi thuần từ chứng khoán đầu tư,-11835000000.0,55665000000,396401000000.0,HDB
Thu nhập thuần từ hoạt động kinh doanh khác,26331000000.0,88243000000,51740000000.0,HDB
Thu nhập từ hoạt động khác,85251000000.0,121968000000,80131000000.0,HDB
Chi phí hoạt động khác,58920000000.0,33725000000,28391000000.0,HDB
Thu nhập vốn góp mua cổ phần,0.0,0,0.0,HDB
Tổng thu nhập hoạt động,3705933000000.0,4254011000000,4168466000000.0,HDB
Chi phí quản lý doanh nghiệp,1411602000000.0,1682984000000,1631572000000.0,HDB
Lợi nhuận thuần từ hoạt động kinh doanh trước chi phí dự phòng rủi ro tín dụng,2294331000000.0,2571027000000,2536894000000.0,HDB
Chi phí dự phòng rủi ro tín dụng,403307000000.0,477774000000,436712000000.0,HDB
Chi phí thuế TNDN,377985000000.0,421778000000,420067000000.0,HDB
Chi phí thuế TNDN hiện hành,377985000000.0,421778000000,420067000000.0,HDB
Chi phí thuế TNDN hoãn lại,0.0,0,0.0,HDB
Lợi nhuận sau thuế thu nhập doanh nghiệp,1513039000000.0,1671475000000,1680115000000.0,HDB
Lợi ích của cổ đông thiểu số,81974000000.0,119596000000,116727000000.0,HDB
Lợi nhuận sau thuế của Công ty mẹ,1431065000000.0,1551879000000,1563388000000.0,HDB
Lãi cơ bản trên cổ phiếu,0.0,0,981.0,HDB
Các khoản giảm trừ doanh thu,0.0,0,0.0,VHM
Doanh thu thuần,20679434000000.0,28015120000000,12986441000000.0,VHM
Giá vốn hàng bán,7031668000000.0,13566101000000,6774097000000.0,VHM
Lợi nhuận gộp,13647766000000.0,14449019000000,6212344000000.0,VHM
Doanh thu hoạt động tài chính,1393589000000.0,551356000000,2307064000000.0,VHM
Chi phí tài chính,512234000000.0,778019000000,360609000000.0,VHM
Trong đó: Chi phí lãi vay,502411000000.0,612507000000,594679000000.0,VHM
Lợi nhuận hoặc lỗ trong công ty liên kết,22214000000.0,10620000000,20645000000.0,VHM
Chi phí bán hàng,276111000000.0,553821000000,456893000000.0,VHM
Chi phí quản lý doanh nghiệp,384052000000.0,251384000000,668093000000.0,VHM
Lợi nhuận thuần từ hoạt động kinh doanh,13891172000000.0,13427771000000,7054458000000.0,VHM
Thu nhập khác,-31216000000.0,76095000000,43788000000.0,VHM
Chi phí khác,48450000000.0,57912000000,13255000000.0,VHM
Lợi nhuận khác,-79666000000.0,18183000000,30533000000.0,VHM
Lợi nhuận hoặc lỗ trong công ty liên kết (trước 2015),0.0,0,0.0,VHM
Chi phí thuế TNDN,2616403000000.0,2873819000000,1607229000000.0,VHM
Chi phí thuế TNDN hiện hành,2600532000000.0,2988395000000,1238110000000.0,VHM
Chi phí thuế TNDN hoãn lại,15871000000.0,-114576000000,369119000000.0,VHM
Lợi nhuận sau thuế thu nhập doanh nghiệp,11195103000000.0,10572135000000,5477762000000.0,VHM
Lợi ích của cổ đông thiểu số,28308000000.0,50892000000,81613000000.0,VHM
Lợi nhuận sau thuế của Công ty mẹ,11166795000000.0,10521243000000,5396149000000.0,VHM
Lãi cơ bản trên cổ phiếu,2586.0,3199,1640.0,VHM
Lãi suy giảm trên cổ phiếu,0.0,0,0.0,VHM
Các khoản giảm trừ doanh thu,0.0,0,0.0,VRE
Doanh thu thuần,787355000000.0,1510390000000,2226386000000.0,VRE
Giá vốn hàng bán,657006000000.0,880963000000,1058016000000.0,VRE
Lợi nhuận gộp,130349000000.0,629427000000,1168370000000.0,VRE
Doanh thu hoạt động tài chính,78360000000.0,119680000000,101589000000.0,VRE
Chi phí tài chính,89236000000.0,151938000000,154138000000.0,VRE
Trong đó: Chi phí lãi vay,88352000000.0,151082000000,153298000000.0,VRE
Lợi nhuận hoặc lỗ trong công ty liên kết,0.0,0,0.0,VRE
Chi phí bán hàng,-22077000000.0,51914000000,91615000000.0,VRE
Chi phí quản lý doanh nghiệp,106050000000.0,80259000000,64478000000.0,VRE
Lợi nhuận thuần từ hoạt động kinh doanh,35500000000.0,464996000000,959728000000.0,VRE
Thu nhập khác,16980000000.0,20097000000,21131000000.0,VRE
Chi phí khác,4125000000.0,1694000000,1048000000.0,VRE
Lợi nhuận khác,12855000000.0,18403000000,20083000000.0,VRE
Lợi nhuận hoặc lỗ trong công ty liên kết (trước 2015),0.0,0,0.0,VRE
Chi phí thuế TNDN,23979000000.0,95771000000,198674000000.0,VRE
Chi phí thuế TNDN hiện hành,24466000000.0,96264000000,199180000000.0,VRE
Chi phí thuế TNDN hoãn lại,-487000000.0,-493000000,-506000000.0,VRE
Lợi nhuận sau thuế thu nhập doanh nghiệp,24376000000.0,387628000000,781137000000.0,VRE
Lợi ích của cổ đông thiểu số,123000000.0,115000000,202000000.0,VRE
Lợi nhuận sau thuế của Công ty mẹ,24253000000.0,387513000000,780935000000.0,VRE
Lãi cơ bản trên cổ phiếu,0.0,0,0.0,VRE
Lãi suy giảm trên cổ phiếu,0.0,0,0.0,VRE
Các khoản giảm trừ doanh thu,4736000000.0,38303000000,11037000000.0,VIC
Doanh thu thuần,30111579000000.0,37442438000000,23294421000000.0,VIC
Giá vốn hàng bán,18413296000000.0,26986417000000,20008967000000.0,VIC
Lợi nhuận gộp,11698283000000.0,10456021000000,3285454000000.0,VIC
Doanh thu hoạt động tài chính,1536362000000.0,3917045000000,7128520000000.0,VIC
Chi phí tài chính,2814957000000.0,2925425000000,2769540000000.0,VIC
Trong đó: Chi phí lãi vay,2686664000000.0,2623808000000,2705898000000.0,VIC
Lợi nhuận hoặc lỗ trong công ty liên kết,-11522000000.0,-16462000000,-7926000000.0,VIC
Chi phí bán hàng,1280340000000.0,2057833000000,1693896000000.0,VIC
Chi phí quản lý doanh nghiệp,5769054000000.0,5756755000000,3135593000000.0,VIC
Lợi nhuận thuần từ hoạt động kinh doanh,3358772000000.0,3616591000000,2807019000000.0,VIC
Thu nhập khác,140254000000.0,168034000000,187320000000.0,VIC
Chi phí khác,184460000000.0,170294000000,208589000000.0,VIC
Lợi nhuận khác,-44206000000.0,-2260000000,-21269000000.0,VIC
Lợi nhuận hoặc lỗ trong công ty liên kết (trước 2015),0.0,0,0.0,VIC
Chi phí thuế TNDN,3057500000000.0,3012766000000,1918052000000.0,VIC
Chi phí thuế TNDN hiện hành,2913077000000.0,3194731000000,1513877000000.0,VIC
Chi phí thuế TNDN hoãn lại,144423000000.0,-181965000000,404175000000.0,VIC
Lợi nhuận sau thuế thu nhập doanh nghiệp,257066000000.0,601565000000,867698000000.0,VIC
Lợi ích của cổ đông thiểu số,608402000000.0,-848304000000,-1226358000000.0,VIC
Lợi nhuận sau thuế của Công ty mẹ,-351336000000.0,1449869000000,2094056000000.0,VIC
Lãi cơ bản trên cổ phiếu,0.0,0,0.0,VIC
Lãi suy giảm trên cổ phiếu,0.0,0,0.0,VIC
Các khoản giảm trừ doanh thu,7014162877.0,4410238960,7407756196.0,SBT
Doanh thu thuần,4311939290624.0,4175764364784,3181347730763.0,SBT
Giá vốn hàng bán,3814494247527.0,3462941661102,2679656632211.0,SBT
Lợi nhuận gộp,497445043097.0,712822703682,501691098552.0,SBT
Doanh thu hoạt động tài chính,346189209399.0,200281842768,96306101421.0,SBT
Chi phí tài chính,302335199484.0,248124175779,179082596808.0,SBT
Trong đó: Chi phí lãi vay,192434801903.0,221531513965,162113093250.0,SBT
Lợi nhuận hoặc lỗ trong công ty liên kết,8236925883.0,5615534674,4431645091.0,SBT
Chi phí bán hàng,144544253640.0,140673176537,110451133975.0,SBT
Chi phí quản lý doanh nghiệp,147834330480.0,276699117473,108254981262.0,SBT
Lợi nhuận thuần từ hoạt động kinh doanh,257157394775.0,253223611335,204640133019.0,SBT
Thu nhập khác,15469225473.0,2490053282,26109769992.0,SBT
Chi phí khác,10144486828.0,20137385448,15580941082.0,SBT
Lợi nhuận khác,5324738645.0,-17647332166,10528828910.0,SBT
Lợi nhuận hoặc lỗ trong công ty liên kết (trước 2015),0.0,0,0.0,SBT
Lợi nhuận kế toán trước thuế,262482133420.0,235576279169,215168961929.0,SBT
Chi phí thuế TNDN,67623553825.0,64493392350,22827905310.0,SBT
Chi phí thuế TNDN hiện hành,67754881112.0,68651688755,37321655942.0,SBT
Chi phí thuế TNDN hoãn lại,-131327287.0,-4158296405,-14493750632.0,SBT
Lợi nhuận sau thuế thu nhập doanh nghiệp,194858579595.0,171082886819,192341056619.0,SBT
Lợi ích của cổ đông thiểu số,-259169955.0,-1877445133,332148106.0,SBT
Lợi nhuận sau thuế của Công ty mẹ,195117749550.0,172960331952,192008908513.0,SBT
Lãi cơ bản trên cổ phiếu,265.0,208,306.0,SBT
Lãi suy giảm trên cổ phiếu,258.0,223,280.0,SBT
Các khoản giảm trừ doanh thu,2949873013.0,11371084509,35247735476.0,NVL
Doanh thu thuần,3261894688761.0,2543645943416,4506616787483.0,NVL
Giá vốn hàng bán,1760528824836.0,1685449745386,2789464202494.0,NVL
Lợi nhuận gộp,1501365863925.0,858196198030,1717152584989.0,NVL
Doanh thu hoạt động tài chính,1059230998737.0,1333606795581,572360705599.0,NVL
Chi phí tài chính,799668751905.0,1829133018135,454286766798.0,NVL
Trong đó: Chi phí lãi vay,155013501331.0,117946562121,30569377519.0,NVL
Lợi nhuận hoặc lỗ trong công ty liên kết,-4109497029.0,-1136308952,-937604049.0,NVL
Chi phí bán hàng,434366403720.0,183260207620,138891794212.0,NVL
Chi phí quản lý doanh nghiệp,418488203624.0,291962171644,319528269149.0,NVL
Lợi nhuận thuần từ hoạt động kinh doanh,903964006384.0,-113688712740,1375868856380.0,NVL
Thu nhập khác,60721919135.0,1691456401521,17117073703.0,NVL
Chi phí khác,69221589485.0,81155425805,131963042916.0,NVL
Lợi nhuận khác,-8499670350.0,1610300975716,-114845969213.0,NVL
Lợi nhuận hoặc lỗ trong công ty liên kết (trước 2015),0.0,0,0.0,NVL
Lợi nhuận kế toán trước thuế,895464336034.0,1496612262976,1261022887167.0,NVL
Chi phí thuế TNDN,359760483615.0,183683715546,559797916428.0,NVL
Chi phí thuế TNDN hiện hành,208689062361.0,226816261833,462260225337.0,NVL
Chi phí thuế TNDN hoãn lại,151071421254.0,-43132546287,97537691091.0,NVL
Lợi nhuận sau thuế thu nhập doanh nghiệp,535703852419.0,1312928547430,701224970739.0,NVL
Lợi ích của cổ đông thiểu số,-19930467545.0,-7608029094,164398464502.0,NVL
Lợi nhuận sau thuế của Công ty mẹ,555634319964.0,1320536576524,536826506237.0,NVL
Lãi cơ bản trên cổ phiếu,377.0,779,536.0,NVL
Lãi suy giảm trên cổ phiếu,366.0,0,0.0,NVL
Các khoản giảm trừ doanh thu,0.0,0,0.0,PDR
Doanh thu thuần,1267564641777.0,537718943994,586111954007.0,PDR
Giá vốn hàng bán,411580871802.0,132046254142,201143044114.0,PDR
Lợi nhuận gộp,855983769975.0,405672689852,384968909893.0,PDR
Doanh thu hoạt động tài chính,460107965.0,3258982039,472900642.0,PDR
Chi phí tài chính,39354793975.0,29311074903,21499030188.0,PDR
Trong đó: Chi phí lãi vay,37919088420.0,28235629217,19991373471.0,PDR
Lợi nhuận hoặc lỗ trong công ty liên kết,0.0,0,0.0,PDR
Chi phí bán hàng,4531309731.0,4503456732,4210194082.0,PDR
Chi phí quản lý doanh nghiệp,56079480298.0,44306767417,43129895425.0,PDR
Lợi nhuận thuần từ hoạt động kinh doanh,756478293936.0,330810372839,316602690840.0,PDR
Thu nhập khác,6698597410.0,318418832,27500635.0,PDR
Chi phí khác,3160015710.0,8927083008,1702039519.0,PDR
Lợi nhuận khác,3538581700.0,-8608664176,-1674538884.0,PDR
Lợi nhuận hoặc lỗ trong công ty liên kết (trước 2015),0.0,0,0.0,PDR
Chi phí thuế TNDN,152932441375.0,71219982939,63855976847.0,PDR
Chi phí thuế TNDN hiện hành,153545316040.0,71219982939,63855976847.0,PDR
Chi phí thuế TNDN hoãn lại,-612874665.0,0,0.0,PDR
Lợi nhuận sau thuế thu nhập doanh nghiệp,607084434261.0,250981725724,251072175109.0,PDR
Lợi ích của cổ đông thiểu số,-825362302.0,-568601151,-668350798.0,PDR
Lợi nhuận sau thuế của Công ty mẹ,607909796563.0,251550326875,251740525907.0,PDR
Lãi cơ bản trên cổ phiếu,1244.0,429,558.0,PDR
Lãi suy giảm trên cổ phiếu,0.0,0,0.0,PDR
Chi phí lãi và các khoản chi phí tương tự,13785010000000.0,13241606000000,13228171000000.0,BID
Thu nhập lãi thuần,12204661000000.0,12929461000000,10830069000000.0,BID
Thu nhập từ hoạt động dịch vụ,2446148000000.0,2702988000000,2217213000000.0,BID
Chi phí hoạt động dịch vụ,851927000000.0,961339000000,782881000000.0,BID
Thu nhập thuần từ hoạt động dịch vụ,1594221000000.0,1741649000000,1434332000000.0,BID
Lợi nhuận thuần từ hoạt động kinh doanh ngoại hối,456922000000.0,405421000000,379157000000.0,BID
Lợi nhuận thuần từ hoạt động kinh doanh chứng khoán,-2421000000.0,121802000000,450607000000.0,BID
Lãi thuần từ chứng khoán đầu tư,151461000000.0,-162263000000,-330896000000.0,BID
Thu nhập thuần từ hoạt động kinh doanh khác,794050000000.0,2187667000000,1804509000000.0,BID
Thu nhập từ hoạt động khác,1202802000000.0,2406503000000,2125881000000.0,BID
Chi phí hoạt động khác,408752000000.0,218836000000,321372000000.0,BID
Thu nhập vốn góp mua cổ phần,47882000000.0,67927000000,37266000000.0,BID
Tổng thu nhập hoạt động,15246776000000.0,17291664000000,14605044000000.0,BID
Chi phí quản lý doanh nghiệp,5070807000000.0,4108256000000,4036501000000.0,BID
Lợi nhuận thuần từ hoạt động kinh doanh trước chi phí dự phòng rủi ro tín dụng,10175969000000.0,13183408000000,10568543000000.0,BID
Chi phí dự phòng rủi ro tín dụng,7502132000000.0,8519881000000,7172520000000.0,BID
Chi phí thuế TNDN,551521000000.0,924352000000,674484000000.0,BID
Chi phí thuế TNDN hiện hành,546819000000.0,924885000000,678749000000.0,BID
Chi phí thuế TNDN hoãn lại,4702000000.0,-533000000,-4265000000.0,BID
Lợi nhuận sau thuế thu nhập doanh nghiệp,2122316000000.0,3739175000000,2721539000000.0,BID
Lợi ích của cổ đông thiểu số,74300000000.0,80463000000,73402000000.0,BID
Lợi nhuận sau thuế của Công ty mẹ,2048016000000.0,3658712000000,2648137000000.0,BID
Lãi cơ bản trên cổ phiếu,0.0,0,0.0,BID
Các khoản giảm trừ doanh thu,14218402422.0,12980283496,50444960886.0,VNM
Doanh thu thuần,16194052003559.0,15715806166465,13190270122852.0,VNM
Giá vốn hàng bán,9250304913128.0,8861448981220,7435389686438.0,VNM
Lợi nhuận gộp,6943747090431.0,6854357185245,5754880436414.0,VNM
Doanh thu hoạt động tài chính,314242042431.0,292767071141,284839944505.0,VNM
Chi phí tài chính,63549064354.0,42133666112,6424291388.0,VNM
Trong đó: Chi phí lãi vay,24374567105.0,28072255034,12905990201.0,VNM
Lợi nhuận hoặc lỗ trong công ty liên kết,14548700320.0,-19582360879,-8845432193.0,VNM
Chi phí bán hàng,3307900301066.0,3185812099703,2585931287811.0,VNM
Chi phí quản lý doanh nghiệp,394043756702.0,389330729464,367294589472.0,VNM
Lợi nhuận thuần từ hoạt động kinh doanh,3507044711060.0,3510265400228,3071224780055.0,VNM
Thu nhập khác,142312452646.0,37278305250,120489176600.0,VNM
Chi phí khác,62753873794.0,53858755239,37803733850.0,VNM
Lợi nhuận khác,79558578852.0,-16580449989,82685442750.0,VNM
Lợi nhuận hoặc lỗ trong công ty liên kết (trước 2015),0.0,0,0.0,VNM
Chi phí thuế TNDN,625877126999.0,631415485025,556976494504.0,VNM
Chi phí thuế TNDN hiện hành,623139563848.0,633974149435,559443305864.0,VNM
Chi phí thuế TNDN hoãn lại,2737563151.0,-2558664410,-2466811360.0,VNM
Lợi nhuận sau thuế thu nhập doanh nghiệp,2960726162913.0,2862269465214,2596933728301.0,VNM
Lợi ích của cổ đông thiểu số,34959164896.0,27480422622,21017149648.0,VNM
Lợi nhuận sau thuế của Công ty mẹ,2925766998017.0,2834789042592,2575916578653.0,VNM
Lãi cơ bản trên cổ phiếu,1262.0,1212,1101.0,VNM
Lãi suy giảm trên cổ phiếu,0.0,0,0.0,VNM
Các khoản giảm trừ doanh thu,20010673093.0,28984859151,21698316560.0,PLX
Doanh thu thuần,34625295684645.0,46868912391368,38247060753902.0,PLX
Giá vốn hàng bán,32589628746140.0,42641539164127,34853306068986.0,PLX
Lợi nhuận gộp,2035666938505.0,4227373227241,3393754684916.0,PLX
Doanh thu hoạt động tài chính,263173135946.0,235689061250,209861827778.0,PLX
Chi phí tài chính,214406408438.0,174304937916,186484170462.0,PLX
Trong đó: Chi phí lãi vay,164021379785.0,149661767994,144357826906.0,PLX
Lợi nhuận hoặc lỗ trong công ty liên kết,72581275315.0,171999322898,170032917496.0,PLX
Chi phí bán hàng,1924847512879.0,2424928135876,2422112221108.0,PLX
Chi phí quản lý doanh nghiệp,149102004364.0,206388588911,181233973234.0,PLX
Lợi nhuận thuần từ hoạt động kinh doanh,83065424085.0,1829439948686,983819065386.0,PLX
Thu nhập khác,29130359583.0,73360792827,35507468477.0,PLX
Chi phí khác,223008957.0,75133910921,6485176023.0,PLX
Lợi nhuận khác,28907350626.0,-1773118094,29022292454.0,PLX
Lợi nhuận hoặc lỗ trong công ty liên kết (trước 2015),0.0,0,0.0,PLX
Lợi nhuận kế toán trước thuế,111972774711.0,1827666830592,1012841357840.0,PLX
Chi phí thuế TNDN,32426234398.0,233324430535,276626484225.0,PLX
Chi phí thuế TNDN hiện hành,33220213230.0,248200437071,216225804432.0,PLX
Chi phí thuế TNDN hoãn lại,-793978832.0,-14876006536,60400679793.0,PLX
Lợi nhuận sau thuế thu nhập doanh nghiệp,79546540313.0,1594342400057,736214873615.0,PLX
Lợi ích của cổ đông thiểu số,3369432076.0,96683720768,74961341215.0,PLX
Lợi nhuận sau thuế của Công ty mẹ,76177108237.0,1497658679289,661253532400.0,PLX
Lãi cơ bản trên cổ phiếu,63.0,893,602.0,PLX
Lãi suy giảm trên cổ phiếu,0.0,0,0.0,PLX
Chi phí lãi và các khoản chi phí tương tự,1890442000000.0,1838447000000,1829971000000.0,TPB
Thu nhập lãi thuần,2345634000000.0,2526602000000,2263489000000.0,TPB
Thu nhập từ hoạt động dịch vụ,562799000000.0,590478000000,444924000000.0,TPB
Chi phí hoạt động dịch vụ,205029000000.0,177914000000,162668000000.0,TPB
Thu nhập thuần từ hoạt động dịch vụ,357770000000.0,412564000000,282256000000.0,TPB
Lợi nhuận thuần từ hoạt động kinh doanh ngoại hối,-44673000000.0,159337000000,-2110000000.0,TPB
Lợi nhuận thuần từ hoạt động kinh doanh chứng khoán,0.0,0,0.0,TPB
Lãi thuần từ chứng khoán đầu tư,913227000000.0,279498000000,269985000000.0,TPB
Thu nhập thuần từ hoạt động kinh doanh khác,101594000000.0,56708000000,-15624000000.0,TPB
Thu nhập từ hoạt động khác,106005000000.0,59155000000,142259000000.0,TPB
Chi phí hoạt động khác,4411000000.0,2447000000,157883000000.0,TPB
Thu nhập vốn góp mua cổ phần,0.0,0,0.0,TPB
Tổng thu nhập hoạt động,3673552000000.0,3434709000000,2797996000000.0,TPB
Chi phí quản lý doanh nghiệp,940970000000.0,1237841000000,984895000000.0,TPB
Lợi nhuận thuần từ hoạt động kinh doanh trước chi phí dự phòng rủi ro tín dụng,2732582000000.0,2196868000000,1813101000000.0,TPB
Chi phí dự phòng rủi ro tín dụng,1345615000000.0,612239000000,391066000000.0,TPB
Chi phí thuế TNDN,277088000000.0,317580000000,284006000000.0,TPB
Chi phí thuế TNDN hiện hành,277088000000.0,317580000000,284006000000.0,TPB
Chi phí thuế TNDN hoãn lại,0.0,0,0.0,TPB
Lợi nhuận sau thuế thu nhập doanh nghiệp,1109879000000.0,1267049000000,1138029000000.0,TPB
Lợi ích của cổ đông thiểu số,0.0,0,0.0,TPB
Lợi nhuận sau thuế của Công ty mẹ,1109879000000.0,1267049000000,1138029000000.0,TPB
Lãi cơ bản trên cổ phiếu,0.0,0,0.0,TPB
Các khoản giảm trừ doanh thu,171612401590.0,324554354550,328301649159.0,MWG
Doanh thu thuần,24333213525693.0,31658418853105,30828143814873.0,MWG
Giá vốn hàng bán,18244500199927.0,24514835467434,23803198263371.0,MWG
Lợi nhuận gộp,6088713325766.0,7143583385671,7024945551502.0,MWG
Doanh thu hoạt động tài chính,288605719929.0,304726396651,288290505677.0,MWG
Chi phí tài chính,164678840728.0,170842215768,152802395191.0,MWG
Trong đó: Chi phí lãi vay,163932694294.0,169881589077,152706974017.0,MWG
Lợi nhuận hoặc lỗ trong công ty liên kết,-1238253516.0,-3413282846,-2960562091.0,MWG
Chi phí bán hàng,4270432006893.0,4545602295035,4245130637303.0,MWG
Chi phí quản lý doanh nghiệp,975182680390.0,1100251515639,1088365871334.0,MWG
Lợi nhuận thuần từ hoạt động kinh doanh,965787264168.0,1628200473034,1823976591260.0,MWG
Thu nhập khác,20139201987.0,3975693399,19012499941.0,MWG
Chi phí khác,17795305402.0,6205640465,15420157060.0,MWG
Lợi nhuận khác,2343896585.0,-2229947066,3592342881.0,MWG
Lợi nhuận hoặc lỗ trong công ty liên kết (trước 2015),0.0,0,0.0,MWG
Chi phí thuế TNDN,182329001870.0,412292123550,488935950787.0,MWG
Chi phí thuế TNDN hiện hành,228919266264.0,418683245504,469249631981.0,MWG
Chi phí thuế TNDN hoãn lại,-46590264394.0,-6391121954,19686318806.0,MWG
Lợi nhuận sau thuế thu nhập doanh nghiệp,785802158883.0,1213678402418,1338632983354.0,MWG
Lợi ích của cổ đông thiểu số,416757577.0,648717133,664375521.0,MWG
Lợi nhuận sau thuế của Công ty mẹ,785385401306.0,1213029685285,1337968607833.0,MWG
Lãi cơ bản trên cổ phiếu,1298.0,2529,2897.0,MWG
Lãi suy giảm trên cổ phiếu,1298.0,2529,2897.0,MWG
Các khoản giảm trừ doanh thu,-38122342631.0,-16202841520,19347008581.0,FPT
Doanh thu thuần,8725171956972.0,8641707284821,7586327669954.0,FPT
Giá vốn hàng bán,5474243222947.0,5201526141916,4691800715286.0,FPT
Lợi nhuận gộp,3250928734025.0,3440181142905,2894526954668.0,FPT
Doanh thu hoạt động tài chính,332266541305.0,240540286743,325440423279.0,FPT
Chi phí tài chính,272888215242.0,361830175777,141136993354.0,FPT
Trong đó: Chi phí lãi vay,120148949616.0,124530447801,99817213604.0,FPT
Lợi nhuận hoặc lỗ trong công ty liên kết,147867487076.0,149843474585,115085619364.0,FPT
Chi phí bán hàng,804023830463.0,829919009383,852114921328.0,FPT
Chi phí quản lý doanh nghiệp,1071115122466.0,1115156026481,961763590894.0,FPT
Lợi nhuận thuần từ hoạt động kinh doanh,1583035594235.0,1523659692592,1380037491735.0,FPT
Thu nhập khác,59501680279.0,20800020852,23250469269.0,FPT
Chi phí khác,3964502630.0,4995194970,6536749667.0,FPT
Lợi nhuận khác,55537177649.0,15804825882,16713719602.0,FPT
Lợi nhuận hoặc lỗ trong công ty liên kết (trước 2015),0.0,0,0.0,FPT
Chi phí thuế TNDN,263957696466.0,279798068582,246048587833.0,FPT
Chi phí thuế TNDN hiện hành,238201206888.0,276489905177,224526320456.0,FPT
Chi phí thuế TNDN hoãn lại,25756489578.0,3308163405,21522267377.0,FPT
Lợi nhuận sau thuế thu nhập doanh nghiệp,1374615075418.0,1259666449892,1150702623504.0,FPT
Lợi ích của cổ đông thiểu số,249776337511.0,259635373909,244559942321.0,FPT
Lợi nhuận sau thuế của Công ty mẹ,1124838737907.0,1000031075983,906142681183.0,FPT
Lãi cơ bản trên cổ phiếu,1242.0,951,1156.0,FPT
Lãi suy giảm trên cổ phiếu,1242.0,951,1156.0,FPT
Các khoản giảm trừ doanh thu,13131732462.0,58421596603,52789893715.0,PNJ
Doanh thu thuần,876967240018.0,4455408501572,7181771463337.0,PNJ
Giá vốn hàng bán,721083564561.0,3620339477995,5856651852958.0,PNJ
Lợi nhuận gộp,155883675457.0,835069023577,1325119610379.0,PNJ
Doanh thu hoạt động tài chính,3514070576.0,4164887513,5562623858.0,PNJ
Chi phí tài chính,28519214071.0,22989179078,25372204148.0,PNJ
Trong đó: Chi phí lãi vay,27735712834.0,21034959436,22770252958.0,PNJ
Lợi nhuận hoặc lỗ trong công ty liên kết,0.0,0,0.0,PNJ
Chi phí bán hàng,250770901767.0,420390087670,503024843329.0,PNJ
Chi phí quản lý doanh nghiệp,73547290316.0,125031681970,153160847424.0,PNJ
Lợi nhuận thuần từ hoạt động kinh doanh,-193439660121.0,270822962372,649124339336.0,PNJ
Thu nhập khác,244554611.0,4002783080,1786445968.0,PNJ
Chi phí khác,314270684.0,1614314191,2622736045.0,PNJ
Lợi nhuận khác,-69716073.0,2388468889,-836290077.0,PNJ
Lợi nhuận hoặc lỗ trong công ty liên kết (trước 2015),0.0,0,0.0,PNJ
Chi phí thuế TNDN,-33980985130.0,50554327461,135675840449.0,PNJ
Chi phí thuế TNDN hiện hành,-33466703700.0,41569299846,135554338054.0,PNJ
Chi phí thuế TNDN hoãn lại,-514281430.0,8985027615,121502395.0,PNJ
Lợi nhuận sau thuế thu nhập doanh nghiệp,-159528391064.0,222657103800,512612208810.0,PNJ
Lợi ích của cổ đông thiểu số,0.0,0,0.0,PNJ
Lợi nhuận sau thuế của Công ty mẹ,-159528391064.0,222657103800,512612208810.0,PNJ
Lãi cơ bản trên cổ phiếu,0.0,817,2252.0,PNJ
Lãi suy giảm trên cổ phiếu,0.0,0,0.0,PNJ
Các khoản giảm trừ doanh thu,299091000000.0,358108000000,343862000000.0,MSN
Doanh thu thuần,23604809000000.0,21219294000000,19976861000000.0,MSN
Giá vốn hàng bán,17508621000000.0,16372047000000,15662741000000.0,MSN
Lợi nhuận gộp,6096188000000.0,4847247000000,4314120000000.0,MSN
Doanh thu hoạt động tài chính,326610000000.0,245419000000,216267000000.0,MSN
Chi phí tài chính,1366192000000.0,1396712000000,1382728000000.0,MSN
Trong đó: Chi phí lãi vay,1157486000000.0,1179868000000,1194144000000.0,MSN
Lợi nhuận hoặc lỗ trong công ty liên kết,933881000000.0,1024394000000,946559000000.0,MSN
Chi phí bán hàng,3083017000000.0,2668793000000,2728343000000.0,MSN
Chi phí quản lý doanh nghiệp,1170650000000.0,907764000000,902574000000.0,MSN
Lợi nhuận thuần từ hoạt động kinh doanh,1736820000000.0,1143791000000,463301000000.0,MSN
Thu nhập khác,146681000000.0,140481000000,51810000000.0,MSN
Chi phí khác,20435000000.0,142409000000,28058000000.0,MSN
Lợi nhuận khác,126246000000.0,-1928000000,23752000000.0,MSN
Lợi nhuận hoặc lỗ trong công ty liên kết (trước 2015),0.0,0,0.0,MSN
Chi phí thuế TNDN,276734000000.0,88401000000,144322000000.0,MSN
Chi phí thuế TNDN hiện hành,405005000000.0,216415000000,186686000000.0,MSN
Chi phí thuế TNDN hoãn lại,-128271000000.0,-128014000000,-42364000000.0,MSN
Lợi nhuận sau thuế thu nhập doanh nghiệp,1586332000000.0,1053462000000,342731000000.0,MSN
Lợi ích của cổ đông thiểu số,438876000000.0,262219000000,155361000000.0,MSN
Lợi nhuận sau thuế của Công ty mẹ,1147456000000.0,791243000000,187370000000.0,MSN
Lãi cơ bản trên cổ phiếu,972.0,673,160.0,MSN
Lãi suy giảm trên cổ phiếu,0.0,0,0.0,MSN
Các khoản giảm trừ doanh thu,0.0,-16997968000,37293347000.0,KDH
Doanh thu thuần,1199264054000.0,1111993639000,836478893000.0,KDH
Giá vốn hàng bán,722057891000.0,639867696000,478240883000.0,KDH
Lợi nhuận gộp,477206163000.0,472125943000,358238010000.0,KDH
Doanh thu hoạt động tài chính,1407551000.0,6131643000,5179023000.0,KDH
Chi phí tài chính,26918920000.0,23194633000,16812225000.0,KDH
Trong đó: Chi phí lãi vay,0.0,13875243000,1704492000.0,KDH
Lợi nhuận hoặc lỗ trong công ty liên kết,0.0,0,0.0,KDH
Chi phí bán hàng,7762176000.0,60726208000,20468504000.0,KDH
Chi phí quản lý doanh nghiệp,37623496000.0,45780361000,50892578000.0,KDH
Lợi nhuận thuần từ hoạt động kinh doanh,406309122000.0,348556384000,275243726000.0,KDH
Thu nhập khác,3807827000.0,19831771000,12158867000.0,KDH
Chi phí khác,9603817000.0,30142972000,19147949000.0,KDH
Lợi nhuận khác,-5795990000.0,-10311201000,-6989082000.0,KDH
Lợi nhuận hoặc lỗ trong công ty liên kết (trước 2015),0.0,0,0.0,KDH
Chi phí thuế TNDN,83832578000.0,71744373000,61558639000.0,KDH
Chi phí thuế TNDN hiện hành,84369822000.0,77628239000,68072086000.0,KDH
Chi phí thuế TNDN hoãn lại,-537244000.0,-5883866000,-6513447000.0,KDH
Lợi nhuận sau thuế thu nhập doanh nghiệp,316680554000.0,266500810000,206696005000.0,KDH
Lợi ích của cổ đông thiểu số,106551000.0,85386000,1547320000.0,KDH
Lợi nhuận sau thuế của Công ty mẹ,316574003000.0,266415424000,205148685000.0,KDH
Lãi cơ bản trên cổ phiếu,490.0,343,367.0,KDH
Lãi suy giảm trên cổ phiếu,490.0,343,367.0,KDH
Các khoản giảm trừ doanh thu,0.0,4044150,3859680.0,GAS
Doanh thu thuần,18542925212171.0,22701645313733,17570498024861.0,GAS
Giá vốn hàng bán,15135594633210.0,18919436564738,14301032879540.0,GAS
Lợi nhuận gộp,3407330578961.0,3782208748995,3269465145321.0,GAS
Doanh thu hoạt động tài chính,415852106606.0,204424680589,263141362020.0,GAS
Chi phí tài chính,119787821220.0,113295357252,55772781462.0,GAS
Trong đó: Chi phí lãi vay,85021638451.0,69687381742,52814030559.0,GAS
Lợi nhuận hoặc lỗ trong công ty liên kết,6441468124.0,3746426405,-998758126.0,GAS
Chi phí bán hàng,468128134854.0,491102076276,534099757168.0,GAS
Chi phí quản lý doanh nghiệp,159808010562.0,437742023739,353141885879.0,GAS
Lợi nhuận thuần từ hoạt động kinh doanh,3081900187055.0,2948240398722,2588593324706.0,GAS
Thu nhập khác,3119244630.0,1229049762,73028891856.0,GAS
Chi phí khác,648855371.0,16642080855,24380563441.0,GAS
Lợi nhuận khác,2470389259.0,-15413031093,48648328415.0,GAS
Lợi nhuận hoặc lỗ trong công ty liên kết (trước 2015),0.0,0,0.0,GAS
Chi phí thuế TNDN,620834815324.0,631443110742,579802485411.0,GAS
Chi phí thuế TNDN hiện hành,622753071375.0,619785487513,578969370943.0,GAS
Chi phí thuế TNDN hoãn lại,-1918256051.0,11657623229,833114468.0,GAS
Lợi nhuận sau thuế thu nhập doanh nghiệp,2463535760990.0,2301384256887,2057439167710.0,GAS
Lợi ích của cổ đông thiểu số,46100134610.0,39430046097,27761594030.0,GAS
Lợi nhuận sau thuế của Công ty mẹ,2417435626380.0,2261954210790,2029677573680.0,GAS
Lãi cơ bản trên cổ phiếu,1242.0,1058,1058.0,GAS
Lãi suy giảm trên cổ phiếu,0.0,0,0.0,GAS
Thu phí bảo hiểm gốc,,9869628779671,9357092801878.0,BVH
Thu phí nhận tái bảo hiểm,,54570526355,50669587163.0,BVH
Tăng (giảm) dự phòng phí bảo hiểm gốc và nhận tái bảo hiểm,,-324723747341,48688225356.0,BVH
Các khoản giảm trừ doanh thu,,878482016308,873647789500.0,BVH
Phí nhượng tái bảo hiểm,,887819565326,830628551296.0,BVH
Dự phòng phí nhượng tái bảo hiểm,,1025779096169,1001728775580.0,BVH
Giảm phí,,9337549018,-43019238204.0,BVH
Hoàn phí,,0,0.0,BVH
Các khoản giảm trừ khác,,0,0.0,BVH
"Tăng (giảm) dự phòng phí, dự phòng toán học (trước 2014)",,0,0.0,BVH
Doanh thu phí bảo hiểm thuần,,9370441037059,8485426374185.0,BVH
Hoa hồng nhượng tái bảo hiểm và doanh thu khác HĐKD Bảo hiểm,,193763489170,223593602625.0,BVH
Thu hoa hồng nhượng tái bảo hiểm,,193763489170,223593602625.0,BVH
Thu khác hoạt động kinh doanh bảo hiểm,,0,0.0,BVH
Thu nhận tái bảo hiểm,,0,0.0,BVH
Thu nhượng tái bảo hiểm,,0,0.0,BVH
"Thu khác (giám định, đại lý ...)",,0,0.0,BVH
Doanh thu thuần,,9564204526229,8709019976810.0,BVH
Chi bồi thường,,3397992022436,2963325951316.0,BVH
Tổng chi bồi thường_BH gốc và nhận tái BH,,3398619059060,2963409193952.0,BVH
"Chi bồi thường bảo hiểm gốc, trả tiền bảo hiểm",,3382486081643,2934606660958.0,BVH
Chi bồi thường nhận tái bảo hiểm,,16132977417,28802532994.0,BVH
Các khoản giảm trừ,,627036624,83242636.0,BVH
Thu bồi thường nhượng tái bảo hiểm (trước 2014),,0,0.0,BVH
Thu đòi người thứ ba,,0,19389000.0,BVH
Thu hàng đã xử lý bồi thường 100%,,627036624,63853636.0,BVH
Thu bồi thường nhượng tái bảo hiểm,,359147581642,374596724335.0,BVH
Bồi thường thuộc phần trách nhiệm giữ lại,,-3038844440794,-2588729226981.0,BVH
Tăng (giảm) dự phòng toán học,,-5081340552711,-4841770741732.0,BVH
Tăng (giảm) dự phòng bồi thường,,99461342549,-6368911428.0,BVH
Tăng (giảm) dự phòng bồi thường bảo hiểm gốc và nhận tái bảo hiểm,,-159518956055,-99085545935.0,BVH
Tăng (giảm) dự phòng bồi thường nhượng tái bảo hiểm,,-60057613506,-105454457363.0,BVH
Tổng chi bồi thường bảo hiểm,,-8020723650956,-7436868880141.0,BVH
Chi bồi thường từ quỹ dự phòng dao động lớn,,22147480150,0.0,BVH
Trích dự phòng dao động lớn,,5706221345,-5706221345.0,BVH
Chi khác hoạt động kinh doanh bảo hiểm,,2216659695303,1446824785171.0,BVH
Chi khác hoạt động kinh doanh bảo hiểm gốc,,2310405876745,1353078603729.0,BVH
Chi hoa hồng bảo hiểm gốc,,777229433657,762255745559.0,BVH
Chi đòi người thứ 3,,0,0.0,BVH
Chi xử lý hàng bồi thường 100%,,0,0.0,BVH
Chi đề phòng hạn chế tổn thất,,0,0.0,BVH
"Chi giám định, chi đánh giá rủi ro đối tượng được bảo hiểm, chi khác",,0,0.0,BVH
Chi bán hàng,,613857036591,590822858170.0,BVH
Chi khác_KD Bảo hiểm gốc,,919319406497,0.0,BVH
Chi khác hoạt động kinh doanh nhận tái bảo hiểm,,-93746181442,93746181442.0,BVH
Chi hoạt động nhượng tái bảo hiểm,,0,0.0,BVH
Chi phí trực tiếp hoạt động kinh doanh khác,,0,0.0,BVH
Tổng chi trực tiếp hoạt động kinh doanh BH,,10265237047754,8877987443967.0,BVH
Lợi nhuận gộp,,-701032521525,-168967467157.0,BVH
Thu nhập từ hoạt động ngân hàng ,,0,0.0,BVH
Chi phí của hoạt động ngân hàng,,0,0.0,BVH
Thu nhập thuần từ hoạt động ngân hàng,,0,0.0,BVH
Lợi nhuận từ hoạt động đầu tư bất động sản,,0,0.0,BVH
Doanh thu kinh doanh bất động sản đầu tư,,0,0.0,BVH
Giá vốn bất động sản đầu tư,,0,0.0,BVH
Thu nhập thuần từ hoạt động kinh doanh khác,,63434755714,-12672912893.0,BVH
Thu nhập từ hoạt động khác,,226868192254,125348279591.0,BVH
Chi phí hoạt động khác,,163433436540,138021192484.0,BVH
Chi phí bán hàng,,0,0.0,BVH
Chi phí quản lý doanh nghiệp,,965201980556,1149006141053.0,BVH
Chi phí quản lý doanh nghiệp liên quan trực tiếp đến hoạt động bảo hiểm ,,965201980556,1149006141053.0,BVH
Chi phí quản lý liên quan trực tiếp đến hoạt động ngân hàng,,0,0.0,BVH
Chi phí quản lý doanh nghiệp liên quan đến các lĩnh vực khác,,0,0.0,BVH
Lợi nhuận thuần từ hoạt động kinh doanh,,-1666234502081,-1317973608210.0,BVH
Lỗ thuần từ hoạt động bảo hiểm nhân thọ,,0,0.0,BVH
Lãi thuần từ hoạt động bảo hiểm phi nhân thọ,,-1666234502081,-1317973608210.0,BVH
Lợi nhuận thuần hoạt đông ngân hàng,,0,0.0,BVH
Lợi nhuận thuần từ các hoạt động khác,,63434755714,-12672912893.0,BVH
Doanh thu hoạt động tài chính,,2360452787017,2203837906712.0,BVH
Chi phí tài chính,,261786478174,278049086652.0,BVH
Lợi nhuận hoặc lỗ trong công ty liên kết,,-3692266177,3692266177.0,BVH
Lợi nhuận hoạt động tài chính,,2094974042666,1929481086237.0,BVH
Thu nhập khác,,11993435427,-4984240285.0,BVH
Chi phí khác,,176858990,933947061.0,BVH
Lợi nhuận khác,,11816576437,-5918187346.0,BVH
Lợi nhuận hoặc lỗ trong công ty liên kết (trước 2015),,28192754575,0.0,BVH
Lợi nhuận kế toán trước thuế,,532183627311,592916377788.0,BVH
Dự phòng đảm bảo cân đối,,0,0.0,BVH
Chi phí thuế TNDN,,67726414965,94036913745.0,BVH
Chi phí thuế TNDN hiện hành,,68184103893,95296108864.0,BVH
Chi phí thuế TNDN hoãn lại,,-457688928,-1259195119.0,BVH
Lợi nhuận sau thuế thu nhập doanh nghiệp,,464457212346,498879464043.0,BVH
Lợi ích của cổ đông thiểu số,,24043929937,29747051608.0,BVH
Lợi nhuận sau thuế của Công ty mẹ,,440413282409,469132412435.0,BVH
Lãi cơ bản trên cổ phiếu,,594,631.0,BVH
Các khoản giảm trừ doanh thu,,0,0.0,VJC
Doanh thu thuần,,3507390730778,4048643285661.0,VJC
Giá vốn hàng bán,,5375461416213,5062389428495.0,VJC
Lợi nhuận gộp,,-1868070685435,-1013746142834.0,VJC
Doanh thu hoạt động tài chính,,2381514061832,1394521383632.0,VJC
Chi phí tài chính,,165455469155,37999193965.0,VJC
Trong đó: Chi phí lãi vay,,173938539721,119315196571.0,VJC
Lợi nhuận hoặc lỗ trong công ty liên kết,,3225000000,-3225000000.0,VJC
Chi phí bán hàng,,231021252748,113654897164.0,VJC
Chi phí quản lý doanh nghiệp,,82126231698,107316978299.0,VJC
Lợi nhuận thuần từ hoạt động kinh doanh,,38065422796,118579171370.0,VJC
Thu nhập khác,,12420430090,-3701875242.0,VJC
Chi phí khác,,285203510,2558892.0,VJC
Lợi nhuận khác,,12135226580,-3704434134.0,VJC
Lợi nhuận hoặc lỗ trong công ty liên kết (trước 2015),,0,0.0,VJC
Chi phí thuế TNDN,,51686710741,-8444344409.0,VJC
Chi phí thuế TNDN hiện hành,,13225950927,0.0,VJC
Chi phí thuế TNDN hoãn lại,,38460759814,-8444344409.0,VJC
Lợi nhuận sau thuế thu nhập doanh nghiệp,,-1486061365,123319081645.0,VJC
Lợi ích của cổ đông thiểu số,,-1190403642,-1056133927.0,VJC
Lợi nhuận sau thuế của Công ty mẹ,,-295657723,124375215572.0,VJC
Lãi cơ bản trên cổ phiếu,,-2,237.0,VJC
Lãi suy giảm trên cổ phiếu,,-2,0.0,VJC
Chi phí lãi và các khoản chi phí tương tự,7212090000000.0,6745376000000,7119377000000.0,VCB
Thu nhập lãi thuần,10427846000000.0,11096258000000,10081733000000.0,VCB
Thu nhập từ hoạt động dịch vụ,1942947000000.0,1481928000000,4317820000000.0,VCB
Chi phí hoạt động dịch vụ,815681000000.0,1053459000000,880039000000.0,VCB
Thu nhập thuần từ hoạt động dịch vụ,1127266000000.0,428469000000,3437781000000.0,VCB
Lợi nhuận thuần từ hoạt động kinh doanh ngoại hối,1173269000000.0,986338000000,1042270000000.0,VCB
Lợi nhuận thuần từ hoạt động kinh doanh chứng khoán,27991000000.0,9376000000,80773000000.0,VCB
Lãi thuần từ chứng khoán đầu tư,0.0,0,0.0,VCB
Thu nhập thuần từ hoạt động kinh doanh khác,451697000000.0,359543000000,1012369000000.0,VCB
Thu nhập từ hoạt động khác,652774000000.0,505430000000,1136573000000.0,VCB
Chi phí hoạt động khác,201077000000.0,145887000000,124204000000.0,VCB
Thu nhập vốn góp mua cổ phần,44716000000.0,23317000000,30670000000.0,VCB
Tổng thu nhập hoạt động,13252785000000.0,12903301000000,15685596000000.0,VCB
Chi phí quản lý doanh nghiệp,5002394000000.0,4736182000000,4779221000000.0,VCB
Lợi nhuận thuần từ hoạt động kinh doanh trước chi phí dự phòng rủi ro tín dụng,8250391000000.0,8167119000000,10906375000000.0,VCB
Chi phí dự phòng rủi ro tín dụng,2512537000000.0,3225157000000,2274909000000.0,VCB
Lợi nhuận kế toán trước thuế,5737854000000.0,4941962000000,8631466000000.0,VCB
Chi phí thuế TNDN,1138566000000.0,977288000000,1723944000000.0,VCB
Chi phí thuế TNDN hiện hành,1138368000000.0,976927000000,1724252000000.0,VCB
Chi phí thuế TNDN hoãn lại,198000000.0,361000000,-308000000.0,VCB
Lợi nhuận sau thuế thu nhập doanh nghiệp,4599288000000.0,3964674000000,6907522000000.0,VCB
Lợi ích của cổ đông thiểu số,5158000000.0,4569000000,4944000000.0,VCB
Lợi nhuận sau thuế của Công ty mẹ,4594130000000.0,3960105000000,6902578000000.0,VCB
Lãi cơ bản trên cổ phiếu,1239.0,1068,1861.0,VCB
Các khoản giảm trừ doanh thu,286428116.0,-1907714903,,REE
Doanh thu thuần,1092654574278.0,1636414623038,,REE
Giá vốn hàng bán,743156815640.0,972735035139,,REE
Lợi nhuận gộp,349497758638.0,663679587899,,REE
Doanh thu hoạt động tài chính,65900000910.0,46389419845,,REE
Chi phí tài chính,190709192683.0,220247422987,,REE
Trong đó: Chi phí lãi vay,183859667778.0,190880046079,,REE
Lợi nhuận hoặc lỗ trong công ty liên kết,161583371536.0,134770365569,,REE
Chi phí bán hàng,15161128844.0,20487528590,,REE
Chi phí quản lý doanh nghiệp,73444865728.0,75001035005,,REE
Lợi nhuận thuần từ hoạt động kinh doanh,297665943829.0,529103386731,,REE
Thu nhập khác,2027668313.0,5048739632,,REE
Chi phí khác,766908633.0,2974157727,,REE
Lợi nhuận khác,1260759680.0,2074581905,,REE
Lợi nhuận hoặc lỗ trong công ty liên kết (trước 2015),0.0,0,,REE
Lợi nhuận kế toán trước thuế,298926703509.0,531177968636,,REE
Chi phí thuế TNDN,28692540136.0,60855019199,,REE
Chi phí thuế TNDN hiện hành,28666672580.0,62739391289,,REE
Chi phí thuế TNDN hoãn lại,25867556.0,-1884372090,,REE
Lợi nhuận sau thuế thu nhập doanh nghiệp,270234163373.0,470322949437,,REE
Lợi ích của cổ đông thiểu số,6590744119.0,86647568996,,REE
Lợi nhuận sau thuế của Công ty mẹ,263643419254.0,383675380441,,REE
Lãi cơ bản trên cổ phiếu,853.0,1242,,REE
Lãi suy giảm trên cổ phiếu,0.0,1242,,REE
